Topic,Count
Electrocatalysts for Energy Conversion,593
Catalytic Processes in Materials Science,581
Advanced Photocatalysis Techniques,566
Asymmetric Hydrogenation and Catalysis,332
Carbon dioxide utilization in catalysis,298
Metal-Organic Frameworks: Synthesis and Applications,292
Catalytic C–H Functionalization Methods,277
Nanomaterials for catalytic reactions,269
Enzyme Catalysis and Immobilization,261
CO2 Reduction Techniques and Catalysts,228
Catalysis for Biomass Conversion,228
Advanced battery technologies research,223
Catalysis and Oxidation Reactions,213
Catalytic Cross-Coupling Reactions,164
Catalysis and Hydrodesulfurization Studies,162
Innovative Microfluidic and Catalytic Techniques Innovation,157
Fuel Cells and Related Materials,153
Copper-based nanomaterials and applications,150
Covalent Organic Framework Applications,143
Catalysts for Methane Reforming,137
Electrochemical Analysis and Applications,129
Asymmetric Synthesis and Catalysis,128
TiO2 Photocatalysis and Solar Cells,125
Ammonia Synthesis and Nitrogen Reduction,122
Chemical Synthesis and Analysis,121
Zeolite Catalysis and Synthesis,120
Organoboron and organosilicon chemistry,120
Ionic liquids properties and applications,115
Chemical Synthesis and Reactions,113
biodegradable polymer synthesis and properties,110
Nanocluster Synthesis and Applications,109
Synthesis and Catalytic Reactions,107
Mesoporous Materials and Catalysis,106
Oxidative Organic Chemistry Reactions,105
Synthetic Organic Chemistry Methods,100
Advanced Nanomaterials in Catalysis,99
Radical Photochemical Reactions,97
Microbial Metabolic Engineering and Bioproduction,96
Sulfur-Based Synthesis Techniques,94
Organometallic Complex Synthesis and Catalysis,86
Cyclopropane Reaction Mechanisms,82
Polyoxometalates: Synthesis and Applications,75
MXene and MAX Phase Materials,68
Metalloenzymes and iron-sulfur proteins,67
Metal-Catalyzed Oxygenation Mechanisms,67
Biofuel production and bioconversion,65
Supercapacitor Materials and Fabrication,62
Catalytic Alkyne Reactions,61
Gas Sensing Nanomaterials and Sensors,59
Electrochemical sensors and biosensors,57
Hydrogen Storage and Materials,56
Quantum Dots Synthesis And Properties,56
Carbohydrate Chemistry and Synthesis,51
Synthesis and characterization of novel inorganic/organometallic compounds,51
Gold and Silver Nanoparticles Synthesis and Applications,49
Advancements in Battery Materials,49
Microfluidic and Capillary Electrophoresis Applications,45
Advanced biosensing and bioanalysis techniques,44
N-Heterocyclic Carbenes in Organic and Inorganic Chemistry,44
Lignin and Wood Chemistry,43
Machine Learning in Materials Science,43
Coordination Chemistry and Organometallics,40
Electronic and Structural Properties of Oxides,39
Carbon Dioxide Capture Technologies,38
Thermochemical Biomass Conversion Processes,37
2D Materials and Applications,36
Carbon and Quantum Dots Applications,34
Surface Chemistry and Catalysis,34
Magnetism in coordination complexes,34
Iron oxide chemistry and applications,31
Microbial Natural Products and Biosynthesis,31
Molecular Junctions and Nanostructures,30
Graphene research and applications,28
Click Chemistry and Applications,28
Fluorine in Organic Chemistry,28
Enzyme Structure and Function,28
Membrane Separation and Gas Transport,28
Advanced Chemical Physics Studies,27
Advanced NMR Techniques and Applications,27
Protein Structure and Dynamics,26
Analytical Chemistry and Chromatography,26
Crystallography and molecular interactions,26
Luminescence and Fluorescent Materials,25
Biochemical and Molecular Research,25
Porphyrin and Phthalocyanine Chemistry,25
Perovskite Materials and Applications,24
X-ray Diffraction in Crystallography,23
Plant biochemistry and biosynthesis,22
Supramolecular Self-Assembly in Materials,22
Advanced Memory and Neural Computing,21
Advanced oxidation water treatment,20
ZnO doping and properties,20
Supramolecular Chemistry and Complexes,20
Nanoporous metals and alloys,20
nanoparticles nucleation surface interactions,19
Metal complexes synthesis and properties,19
Advanced Battery Materials and Technologies,19
Chemistry and Chemical Engineering,19
Conducting polymers and applications,19
Chemical Synthesis and Characterization,19
Advanced Polymer Synthesis and Characterization,18
Transition Metal Oxide Nanomaterials,18
Biodiesel Production and Applications,18
Layered Double Hydroxides Synthesis and Applications,18
Chalcogenide Semiconductor Thin Films,18
Photosynthetic Processes and Mechanisms,17
3D Printing in Biomedical Research,17
Amino Acid Enzymes and Metabolism,17
Enzyme Production and Characterization,17
Pickering emulsions and particle stabilization,16
Hybrid Renewable Energy Systems,16
Extraction and Separation Processes,16
Enzyme-mediated dye degradation,16
Advanced Synthetic Organic Chemistry,16
Electrowetting and Microfluidic Technologies,15
Radioactive element chemistry and processing,15
Pharmacogenetics and Drug Metabolism,15
Axial and Atropisomeric Chirality Synthesis,15
Microbial metabolism and enzyme function,15
Synthesis and Biological Evaluation,14
Dendrimers and Hyperbranched Polymers,14
Chemical and Physical Properties in Aqueous Solutions,13
Electrohydrodynamics and Fluid Dynamics,13
Chemical synthesis and alkaloids,13
Analytical Chemistry and Sensors,13
Porphyrin Metabolism and Disorders,13
Advancements in Solid Oxide Fuel Cells,13
Biochemical Acid Research Studies,12
Phase Equilibria and Thermodynamics,12
Boron Compounds in Chemistry,12
Multicomponent Synthesis of Heterocycles,12
Synthesis of Indole Derivatives,12
Microbial bioremediation and biosurfactants,11
Molecular spectroscopy and chirality,11
Atmospheric and Environmental Gas Dynamics,11
Inorganic Chemistry and Materials,11
Process Optimization and Integration,11
Glycosylation and Glycoproteins Research,11
Subcritical and Supercritical Water Processes,11
Polymer composites and self-healing,10
Biosensors and Analytical Detection,10
Peptidase Inhibition and Analysis,10
Vanadium and Halogenation Chemistry,10
Advanced Sensor and Energy Harvesting Materials,10
Inorganic Fluorides and Related Compounds,10
Industrial Gas Emission Control,10
Polymer Foaming and Composites,10
Lanthanide and Transition Metal Complexes,10
Biochemical and biochemical processes,10
Hemoglobin structure and function,10
DNA and Nucleic Acid Chemistry,9
Spectroscopy and Quantum Chemical Studies,9
Advanced Thermoelectric Materials and Devices,9
Enzyme function and inhibition,9
Anodic Oxide Films and Nanostructures,9
Organophosphorus compounds synthesis,9
Alkaloids: synthesis and pharmacology,8
Chemical Looping and Thermochemical Processes,8
Nanoparticles: synthesis and applications,8
Advanced Cellulose Research Studies,8
Nanoplatforms for cancer theranostics,8
Mine drainage and remediation techniques,8
Ga2O3 and related materials,8
Plasma Applications and Diagnostics,8
Microbial Fuel Cells and Bioremediation,8
Synthesis of heterocyclic compounds,8
Caching and Content Delivery,8
Semiconductor materials and devices,8
Hydrocarbon exploration and reservoir analysis,8
CO2 Sequestration and Geologic Interactions,7
Photonic Crystals and Applications,7
Magnetic and transport properties of perovskites and related materials,7
Polymer Surface Interaction Studies,7
Microplastics and Plastic Pollution,7
Electron and X-Ray Spectroscopy Techniques,7
Marine Sponges and Natural Products,7
Aluminum Alloys Composites Properties,7
Membrane-based Ion Separation Techniques,7
Surfactants and Colloidal Systems,7
Graphene and Nanomaterials Applications,7
Thermal and Kinetic Analysis,6
Arsenic contamination and mitigation,6
Trace Elements in Health,6
Antibiotic Resistance in Bacteria,6
Synthesis and properties of polymers,6
Advanced Electron Microscopy Techniques and Applications,6
Adsorption and biosorption for pollutant removal,6
Crystallization and Solubility Studies,6
Chemical Reaction Mechanisms,6
Photopolymerization techniques and applications,6
Coal and Its By-products,6
Thermodynamic properties of mixtures,6
Microbial Metabolites in Food Biotechnology,6
Bacteriophages and microbial interactions,6
Surface and Thin Film Phenomena,6
Petroleum Processing and Analysis,6
Environmental remediation with nanomaterials,6
Luminescence Properties of Advanced Materials,5
Membrane Separation Technologies,5
Micro and Nano Robotics,5
NMR spectroscopy and applications,5
Nuclear Physics and Applications,5
Advanced Combustion Engine Technologies,5
Vehicle emissions and performance,5
Magnetic Properties and Synthesis of Ferrites,5
Microfluidic and Bio-sensing Technologies,5
High-pressure geophysics and materials,5
Advanced ceramic materials synthesis,5
Solar-Powered Water Purification Methods,5
Photochromic and Fluorescence Chemistry,5
Advanced Battery Technologies Research,5
RNA Interference and Gene Delivery,5
RNA and protein synthesis mechanisms,5
Molecular Sensors and Ion Detection,5
Polyamine Metabolism and Applications,5
Analytical chemistry methods development,5
Chemical Reactions and Isotopes,5
Phosphorus compounds and reactions,5
Microwave-Assisted Synthesis and Applications,4
Drug Transport and Resistance Mechanisms,4
Plant Gene Expression Analysis,4
Magnesium Oxide Properties and Applications,4
Anaerobic Digestion and Biogas Production,4
Corrosion Behavior and Inhibition,4
Advanced Data Storage Technologies,4
Fluid Dynamics and Heat Transfer,4
"Quantum, superfluid, helium dynamics",4
Cancer therapeutics and mechanisms,4
Phosphorus and nutrient management,4
Lipid Membrane Structure and Behavior,4
Methane Hydrates and Related Phenomena,4
Steroid Chemistry and Biochemistry,4
Photoreceptor and optogenetics research,4
Recycling and utilization of industrial and municipal waste in materials production,4
Bauxite Residue and Utilization,4
Algal biology and biofuel production,4
Force Microscopy Techniques and Applications,4
Recycling and Waste Management Techniques,4
Synthesis and Characterization of Pyrroles,4
Combustion and flame dynamics,4
Photochemistry and Electron Transfer Studies,4
Proteins in Food Systems,4
Synthesis and Reactivity of Heterocycles,4
Atmospheric chemistry and aerosols,4
Monoclonal and Polyclonal Antibodies Research,4
Biochemical and Structural Characterization,4
Nanopore and Nanochannel Transport Studies,4
Various Chemistry Research Topics,4
Synthesis and Biological Activity,4
Protein purification and stability,4
Adenosine and Purinergic Signaling,4
"Diet, Metabolism, and Disease",4
Silicone and Siloxane Chemistry,4
Carbon Nanotubes in Composites,4
Pigment Synthesis and Properties,4
Advanced Condensed Matter Physics,4
Clay minerals and soil interactions,4
Energy and Environment Impacts,4
Pancreatic function and diabetes,4
RNA modifications and cancer,4
Aerogels and thermal insulation,3
Polymer crystallization and properties,3
Lubricants and Their Additives,3
Bioactive Compounds and Antitumor Agents,3
Solid-state spectroscopy and crystallography,3
Ubiquitin and proteasome pathways,3
Advanced X-ray and CT Imaging,3
Atmospheric Ozone and Climate,3
Transgenic Plants and Applications,3
Air Quality and Health Impacts,3
Theoretical and Computational Physics,3
Genomics and Phylogenetic Studies,3
Organometallic Compounds Synthesis and Characterization,3
Advanced Control Systems Optimization,3
Fiber-reinforced polymer composites,3
Organic and Molecular Conductors Research,3
X-ray Spectroscopy and Fluorescence Analysis,3
Additive Manufacturing and 3D Printing Technologies,3
Chemical Reactions and Mechanisms,3
"Hydrogels: synthesis, properties, applications",3
Enhanced Oil Recovery Techniques,3
Origins and Evolution of Life,3
Computational Drug Discovery Methods,3
Epigenetics and DNA Methylation,3
Medical Imaging Techniques and Applications,3
Metal Extraction and Bioleaching,3
Pharmacological Effects of Natural Compounds,3
Microbial Metabolism and Applications,3
Pneumocystis jirovecii pneumonia detection and treatment,3
Organic Chemistry Cycloaddition Reactions,3
Water Quality Monitoring and Analysis,3
Synthesis and biological activity,3
Fire dynamics and safety research,3
HIV/AIDS drug development and treatment,3
Organic Light-Emitting Diodes Research,3
Advanced Fluorescence Microscopy Techniques,3
Fluid Dynamics and Mixing,3
Sustainable Supply Chain Management,3
Surface Modification and Superhydrophobicity,3
Multiferroics and related materials,3
Chemical Analysis and Environmental Impact,2
Advanced X-ray Imaging Techniques,2
Solar Energy Systems and Technologies,2
Bacterial biofilms and quorum sensing,2
Skin Protection and Aging,2
Material Dynamics and Properties,2
Bacterial Genetics and Biotechnology,2
Ferrocene Chemistry and Applications,2
Cloud Data Security Solutions,2
Electrodeposition and Electroless Coatings,2
Advanced Chemical Sensor Technologies,2
Advanced Materials and Mechanics,2
Viral Infectious Diseases and Gene Expression in Insects,2
Metabolism and Genetic Disorders,2
Thin-Film Transistor Technologies,2
Nanomaterials and Printing Technologies,2
Chemical Thermodynamics and Molecular Structure,2
Polymer Nanocomposites and Properties,2
Synthesis and Properties of Aromatic Compounds,2
Pharmaceutical and Antibiotic Environmental Impacts,2
Cassava research and cyanide,2
Solar Thermal and Photovoltaic Systems,2
Synthesis of β-Lactam Compounds,2
Diatoms and Algae Research,2
Building materials and conservation,2
Forest Biomass Utilization and Management,2
Electromagnetic wave absorption materials,2
Selenium in Biological Systems,2
Ferroelectric and Negative Capacitance Devices,2
ATP Synthase and ATPases Research,2
Infant Nutrition and Health,2
Geochemistry and Elemental Analysis,2
Toxin Mechanisms and Immunotoxins,2
Water Treatment and Disinfection,2
Metallic Glasses and Amorphous Alloys,2
Diamond and Carbon-based Materials Research,2
Minerals Flotation and Separation Techniques,2
Advanced Biosensing Techniques and Applications,2
Sulfur Compounds in Biology,2
Redox biology and oxidative stress,2
Synthesis and pharmacology of benzodiazepine derivatives,2
Fullerene Chemistry and Applications,2
CRISPR and Genetic Engineering,2
Mercury impact and mitigation studies,2
Nanowire Synthesis and Applications,2
Synthesis of Organic Compounds,2
Complex Network Analysis Techniques,2
Synthesis and Reactivity of Sulfur-Containing Compounds,2
Natural product bioactivities and synthesis,2
Nanoparticle-Based Drug Delivery,2
Lipid metabolism and biosynthesis,2
Protein Hydrolysis and Bioactive Peptides,2
Molecular Spectroscopy and Structure,2
Cancer Treatment and Pharmacology,2
Traditional and Medicinal Uses of Annonaceae,2
Ion-surface interactions and analysis,2
Sphingolipid Metabolism and Signaling,2
Laser-Ablation Synthesis of Nanoparticles,2
Quinazolinone synthesis and applications,2
Biotin and Related Studies,2
Edible Oils Quality and Analysis,1
Antibiotics Pharmacokinetics and Efficacy,1
Metabolomics and Mass Spectrometry Studies,1
Epoxy Resin Curing Processes,1
Semiconductor materials and interfaces,1
Chromium effects and bioremediation,1
Intracerebral and Subarachnoid Hemorrhage Research,1
Crystal structures of chemical compounds,1
Industrial Technology and Control Systems,1
Distributed and Parallel Computing Systems,1
Neurobiology and Insect Physiology Research,1
Effects and risks of endocrine disrupting chemicals,1
Fermentation and Sensory Analysis,1
Electron Spin Resonance Studies,1
Geochemistry and Geologic Mapping,1
Ultrasound and Hyperthermia Applications,1
Ultrasound and Cavitation Phenomena,1
Magnetic properties of thin films,1
Glass properties and applications,1
Polymer Nanocomposite Synthesis and Irradiation,1
Planetary Science and Exploration,1
Atomic and Subatomic Physics Research,1
Characterization and Applications of Magnetic Nanoparticles,1
History and advancements in chemistry,1
Superconductivity in MgB2 and Alloys,1
Electrophoretic Deposition in Materials Science,1
Free Radicals and Antioxidants,1
Nanocomposite Films for Food Packaging,1
Dust and Plasma Wave Phenomena,1
Dielectric properties of ceramics,1
Antimicrobial Peptides and Activities,1
Maritime Transport Emissions and Efficiency,1
Composting and Vermicomposting Techniques,1
Hydrogen embrittlement and corrosion behaviors in metals,1
Modular Robots and Swarm Intelligence,1
DNA and Biological Computing,1
Crystal Structures and Properties,1
Climate Change and Geoengineering,1
Geothermal Energy Systems and Applications,1
Gas Dynamics and Kinetic Theory,1
Heme Oxygenase-1 and Carbon Monoxide,1
Wind and Air Flow Studies,1
Organic and Inorganic Chemical Reactions,1
Spectroscopy and Laser Applications,1
Malaria Research and Control,1
Advanced Mathematical Modeling in Engineering,1
Atmospheric aerosols and clouds,1
Heat and Mass Transfer in Porous Media,1
Muon and positron interactions and applications,1
Seismic Imaging and Inversion Techniques,1
Topological Materials and Phenomena,1
Protist diversity and phylogeny,1
Plant Surface Properties and Treatments,1
Receptor Mechanisms and Signaling,1
Antibiotic Use and Resistance,1
Pneumonia and Respiratory Infections,1
Scientific Computing and Data Management,1
Nonlinear Optical Materials Studies,1
Signaling Pathways in Disease,1
Innovative Teaching Methods,1
Animal and Plant Science Education,1
Virtual Reality Applications and Impacts,1
Neuroscience and Neural Engineering,1
Parathyroid Disorders and Treatments,1
Tuberculosis Research and Epidemiology,1
Trypanosoma species research and implications,1
Lysosomal Storage Disorders Research,1
Mass Spectrometry Techniques and Applications,1
Intermetallics and Advanced Alloy Properties,1
Nuclear materials and radiation effects,1
Plant-Microbe Interactions and Immunity,1
Liquid Crystal Research Advancements,1
Mycotoxins in Agriculture and Food,1
Influenza Virus Research Studies,1
Macrophage Migration Inhibitory Factor,1
Neurological diseases and metabolism,1
"Neutrophil, Myeloperoxidase and Oxidative Mechanisms",1
Phase-change materials and chalcogenides,1
Phytochemical compounds biological activities,1
Organic Electronics and Photovoltaics,1
Venomous Animal Envenomation and Studies,1
Polysaccharides and Plant Cell Walls,1
Microbial Inactivation Methods,1
Magnetic and Electromagnetic Effects,1
Cerebrospinal fluid and hydrocephalus,1
Folate and B Vitamins Research,1
melanin and skin pigmentation,1
Olfactory and Sensory Function Studies,1
Biomedical Research and Pathophysiology,1
Optical Coatings and Gratings,1
Cyclization and Aryne Chemistry,1
Synthesis and Reactions of Organic Compounds,1
Dye analysis and toxicity,1
Digestive system and related health,1
Per- and polyfluoroalkyl substances research,1
Proteoglycans and glycosaminoglycans research,1
Integrated Energy Systems Optimization,1
Electric Vehicles and Infrastructure,1
Calcium Carbonate Crystallization and Inhibition,1
High Entropy Alloys Studies,1
High-Temperature Coating Behaviors,1
Legume Nitrogen Fixing Symbiosis,1
Organoselenium and organotellurium chemistry,1
Phenothiazines and Benzothiazines Synthesis and Activities,1
Coenzyme Q10 studies and effects,1
Cancer-related gene regulation,1
Molecular Biology Techniques and Applications,1
Nuclear Materials and Properties,1
Nuclear reactor physics and engineering,1
Radiopharmaceutical Chemistry and Applications,1
Synthesis and Characterization of Heterocyclic Compounds,1
Neonatal Health and Biochemistry,1
Methemoglobinemia and Tumor Lysis Syndrome,1
Phytase and its Applications,1
Bioactive natural compounds,1
Advanced Materials Characterization Techniques,1
Paraoxonase enzyme and polymorphisms,1
Magnesium Alloys: Properties and Applications,1
Municipal Solid Waste Management,1
Concrete and Cement Materials Research,1
Multi-Criteria Decision Making,1
Waste Management and Environmental Impact,1
Drug Solubulity and Delivery Systems,1
Surface Roughness and Optical Measurements,1
"Cancer, Hypoxia, and Metabolism",1
Tracheal and airway disorders,1
Electrospun Nanofibers in Biomedical Applications,1
Iron and Steelmaking Processes,1
Metallurgical Processes and Thermodynamics,1
Environmental Impact and Sustainability,1
Microwave and Dielectric Measurement Techniques,1
Data Stream Mining Techniques,1
Heat transfer and supercritical fluids,1
Flame retardant materials and properties,1
Metal and Thin Film Mechanics,1
Tribology and Wear Analysis,1
Coagulation and Flocculation Studies,1
Dielectric materials and actuators,1
Fluid Dynamics and Thin Films,1
Bioenergy crop production and management,1
Dyeing and Modifying Textile Fibers,1
Probiotics and Fermented Foods,1
Enterobacteriaceae and Cronobacter Research,1
Listeria monocytogenes in Food Safety,1
Thermal Radiation and Cooling Technologies,1
Studies on Chitinases and Chitosanases,1
thermodynamics and calorimetric analyses,1
Pharmacological Receptor Mechanisms and Effects,1
Quantum Information and Cryptography,1
Optical Imaging and Spectroscopy Techniques,1
Climate Change and Health Impacts,1
"Tannin, Tannase and Anticancer Activities",1
Diet and metabolism studies,1
Endoplasmic Reticulum Stress and Disease,1
Botanical Research and Applications,1
Ginseng Biological Effects and Applications,1
Ferroelectric and Piezoelectric Materials,1
Boron and Carbon Nanomaterials Research,1
Spacecraft and Cryogenic Technologies,1
Nanofabrication and Lithography Techniques,1
Nitric Oxide and Endothelin Effects,1
Research Data Management Practices,1
